First Name,Last Name,Address 1 - Street,Address 1 - City,Address 1 - PO Box,Address 1 - Region,Address 1 - Postal Code,Address 1 - Country,Address 1 - Extended Address
John,Kent,4852 Anthony Track Suite 518,Lake Kelliefort,,South Carolina,46729,VE,
Thomas,Tate,4091 Brandon Parkway Apt. 167,Jamieland,,Tennessee,52843,US,
James,Mckenzie,7478 Mcdonald Gardens Suite 077,South Howardmouth,,Vermont,01194,US,
David,Ashley,56770 Aaron Extensions,Allenview,,Tennessee,65544,US,
Maureen,Benitez,132 Amber Branch Apt. 200,Chambersstad,,Florida,88145,US,Second Address Line
Angelica,Smith,202 Paul Pine,Monicahaven,,New Hampshire,27582,VN,
Michael,Robbins,33648 Anthony Shoal,Calderonfurt,,Alaska,44822,NI,
Sarah,Powers,6256 Gray Skyway,West Jennifer,,Rhode Island,39162,US,
Jesus,Lee,74577 Stephanie Hollow,South Emilyview,,Indiana,95753,LR,
Kelly,Lewis,15198 Adrienne Inlet,Higginsville,,Colorado,09500,MZ,
Anthony,Ramsey,1622 Bowen Inlet Apt. 368,Nicholeland,,Alaska,18196,US,Second Address Line
Timothy,Anderson,30493 Grant Crescent Suite 435,Stewartland,,Mississippi,19606,US,
Frances,Smith,163 Padilla Roads Apt. 443,Salazarmouth,,Arkansas,34487,US,
Alexandra,Chambers,9253 Fox Landing,Deanhaven,,North Carolina,48453,US,
Connie,Davies,2496 Willis Courts Apt. 927,South Kevinbury,,Pennsylvania,11248,US,
Jennifer,Fernandez,627 Chloe Shoals,West Danielle,,Washington,87319,US,
Catherine,Carter,45813 Shepherd Road Suite 036,New Antonioport,,Maine,93192,US,
Patricia,Good,232 Mccarty Mill,Arthurside,,Nevada,48968,PK,
Erin,Jordan,8824 Turner Mill,Adamsbury,,Hawaii,20994,US,
Matthew,Williams,2766 Young Trail,New Martha,,Arizona,42567,US,
